nome,telefone,whatsapp,email
A PONTOMAIS COMERCIO E LOCACAO DE RELOGIO DE PONTO LTDA,(31)3272-3808,,vendas@apontomais.com.br
ABCK COMERCIO DE MATERIAL ELETRICO LTDA,(31)3481-1890,(31)98272-9729,abacoprojetos@gmail.com
ACR COMERCIO DE PARAFUSOS LTDA,3134261081,(31) 9818-5607,acrparafusos@acrparafusos.com.br
AFS EQUIPAMENTOS LTDA,(31)3491-5004,(31) 3491-5004,afsequipamentosmg@gmail.com
ALALUX COMERCIAL LTDA,3121121111,(31) 99166-8989,e-commerce@alalux.com.br
ALOX ALUMINIUM COMERCIO E IND LTDA,(31) 3514-8700,(31) 99814-7051,fernando@aloxaluminium.com.br
ALTALUMINA ACESSÓRIOS EM ALUMÍNIO LTDA,(31) 3337-9707,(31) 3275-3400,alumina.esquadria@gmail.com
ALUGERAIS COMERCIO DE ALUMINIO LTDA,(31)3421-2000,(31) 98417-6315,ramonalugerais@hotmail.com
ALUMAFER ESQUADRIAS DE ALUMINIO E FERRO LTDA,(31) 3433-4966,(31) 99206-8885,alumafer@terra.com.br
ALUMASA INDUSTRIA DE PLASTICO E ALUMINIO LTDA,(31) 3485-2726,(31) 99608-2726,fiorenza@fiorenzaengenharia.com.br
ANALUX ANAVAN LTDA,(31) 3222-7322,(31) 98433-1636,analuxanavan@hotmail.com
ANEL LAZER E PISCINAS LTDA,(31) 3417-7533,(31) 98814-7807,anel.lazerpiscinas@gmail.com
AQUAVINIL  P. C. A COM. PISCINA LTDA,(31)3297-3520 / 98413-5095,(31)0000,aquavinilpiscinas@gmail.com
ÁQUILA LTDA,(31)3297-8840,(31)0000,aquila@aquilaseguranca.com.br
ARCELORMITTAL BRASIL S.A,(31)3379-1400,(31) 98742-9434,rosemeire.barbosa@arcelormittal.com.br
ARCOMINAS LTDA,(31)3352-1000,(31)98477-2399,arcominas@arcominas.com.br
ARCONGEL REFRIGERAÇÃO SOARES LTDA,(31) 3295-3600,(31) 98793-2667,dawson@arcongel.com.br
ARDOGAMA PEDRAS DECORATIVAS LTDA,(31)3373-1220,(31)98673-0137,ardogama@hotmail.com
ARGOS PREMOLDADOS LTDA,(31) 9840-9600,(31) 98409-6002,argospremoldados@outlook.com
ARKSOL INDÚSTRIA E COMÉRCIO LTDA,(31)21080000,(31)998852000,arksol@arksol.com.br
ARM-CORT,3121034001,(31) 99757-0836,luis@armcort.com.br
ARMACELL BRASIL LTDA,(11)98409-6379,(11)98409-6379,elaine.brito@armacell.com
ARTEFACIL INDÚSTRIA E COMÉRCIO DE PREMOLDADOS LTDA,(31) 9764-5628,(31) 99764-5628,jennifer@artefacil.com.br
ARTEFATOS DE BORRACHA UNIÃO LTDA,(31)3272-6252,(31)99392-4948,vendas@borrachasuniao.com.br
ARTEFATOS DE CHAPAS IND. E COM. S/A,(31) 3328-4800,(31) 99981-6515,artefatos@artefatosdechapas.com.br
ASSIS TELAS COMÉRCIO E INDUSTRIA LTDA,(31)3486-9491,(31)3486-8389,assistelas@assistelas.com.br
ATACADÃO DAS TINTAS LTDA,(31)3449-4666,(31)99926-1472,gerencia@atacadaodastintas.com.br
ATEX DO BRASIL LOCAÇÃO DE EQUIPAMENTOS LTDA,(31)3681-3611,(31)99297-0847,marketing@atex.com.br
BARACHO PEDRAS INDUSTRIA E COMERCIO LTDA,(31)3462-3256,(31)99213-6546,eliete@barachopedras.com.br
BEAGRASS - BH GRAMAS LTDA,(31)3223-7577,(31)99971-7667,bhgramas@uai.com.br
BEL MADEIRAS E FERRAGENS EIRELI EPP,(31)3270-3000,(31) 99359-7014,kelly@mdfsobmedida.com.br
BENDGLASS COM E IND LTDA,(31)3361-5599,(31)97579-9237,bendglass@bendglass.com.br
BEXENERGY,(31) 9100-3386,(31) 8306-0000,bexenergyltda@gmail.com
BH COMERCIO DE TINTAS E MATERIAIS PARA CONSTRUÇÃO LTDA,(31) 3411-6199,(31) 99347-1634,Alysson@bhtintas.com.br
BH IMPERMABILIZANTES LTDA,(31) 3378-2800,(31) 98278-8537,bhimper@gmail.com
BH MADEFORMAS,(31) 3222-8299,(31) 99769-2033,telmo@bhmadeiras.com.br
BH MADEIRAS LTDA,(31) 3371-8100,(31) 99769-2033,telmo@bhmadeiras.com.br
BH MÓVEIS PARA ESCRITÓRIO LTDA,(31)3444-8302,(31)98228-1816,bhmoveis@bhmoveis.com.br
BLOCO SIGMA LTDA,(31) 3385-6544,(31) 99900-0200,comercial04@blocosigma.com.br
BLOJAF LTDA,(31) 3394-4311,(31) 3514-1200,tomaz@blojaf.com.br
BORRACHA DO BRASIL IND. E COM. LTDA,(31)3691-1788,(31)99282-6012,vendas@borrachadobrasil.com.br
BP AÇOCUBAS LTDA,(31) 3376-1718,(31) 98324-9004,comercial@acocubas.com.br
BRAGA & OLIVEIRA REPRESENTAÇÕES LTDA.,(31) 3386-4778,(31)0000,elderson.escritorio@hotmail.com
BRB PREMOLDADOS DE CONCRETO LTDA,(31) 3249-0400,(31) 98623-0663,thiago@brbpremoldados.com.br
CABOS DE AÇO BH LTDA,3136655263,(31) 97546-8943,vendas@caboscar.com.br
CAPITAL MIX CONCRETO LTDA,(31) 3288-2188,(31) 99686-3590,wagner.santana@capitalconcreto.com.br
CASA DA RESINA LTDA,(31) 3422-6799,(31) 8738-8165,financeirocasadaresina@gmail.com
CASA DAS POLIAS LTDA,(31)3271-9197,(31)0000,luizfernando@casadaspolias.com.br
CASA DO IMPERMEABILIZANTE LTDA,(31) 3411-7405,(31) 3411-6666,contato@casadoimpermeabilizante.com.br
CASA DO LUBRIFICANTE LTDA,(31)3492-9390,(31)0000,vendas04@casadolubrificante.net.br
CASA FERREIRA GONCALVES LTDA,(31) 3071-2222,(31)98473-1514,tiao@cfg.com.br
CASA MENDANHA LTDA,(31) 3789-1351,(31) 3789-1351,vendas@casamendanha.com.br
CASA ÚNICA MATERIAIS PARA CONSTRUÇÃO LTDA,(31)2126-1000,(31) 9617-7387,delson.gomes@santacruzacabamentos.com.br
CASTRO REPRESENTAÇOES LTDA,(31)3278-1050,(31)98876-8985,marcao@grupocore.com.br
CDM CENTRO DE DISTRIBUIÇÃO DE MOVEIS LTDA,(31)3411-3390,(31)99324-6212,tiago@spazi.com.br
CENTRAL CASA E CONSTRUÇÃO LTDA,(31) 9976-0608,(31) 99760-6088,central.casaeconstrucao@gmail.com
CENTRAL DE VENDAS LTDA,(31)3411-9044,(31)99148-7181,vendas.centraltapetes@gmail.com
CENTRAL DO PADRÃO E INSTALAÇÕES ELÉTRICAS LTDA,(31)3212-4936,(31)98364-2813,centraldopadrao@yahoo.com
CENTRAL ILUMINAÇÃO LTDA,3134298505,(31) 98712-6767,margareth@centraliluminacao.com.br
CENTRAL TELAS EIRELLI EPP,(31)3332-4648,(31)3332-4648,vendas@centraltelas.com.br
CERAMICA BRAUNAS LTDA,(31) 2116-6000,(31) 99906-8959,joaobosco@braunas.com.br
CERAMICA MARBETH LTDA,(31)3499-7800,(31) 99906-8959,joaobosco@braunas.com.br
CERAMICA RAMOS LTDA,1935569100,(31) 99392-9817,mafranrep@gmail.com
VILLAGRES,(19) 3545-9000,(31) 99392-9817,mafranrep@gmail.com
CERÂMICA VISÃO LTDA,(31) 9930-3936,(31) 99303-9363,tijolosvisao@gmail.com
CERAMICAS CEDROMINAS LTDA,(31)3398-3014,(31)98859-8267,tijoloscaetano@yahoo.com.br
POSTO DE VENDAS 31,(24) 2251-7850,(21) 96969-1574,donaireprojetos@gmail.com
CESTA BASICA BOM APETITE EIRELI,(31)3491-6065,(31)98896-3002,suelibomapetit@hotmail.com
CHAPERFIL INDÚSTRIA E COMÉRCIO LTDA,(31) 3333-2400,(31) 99767-9410,marcelo@chaperfil.com.br
CITYTUBOS COMERCIO DE TUBOS LTDA,(31)3383-9144,(31)98479-9144,citytubos@citytubos.com.br
CNR MATERIAIS DE CONSTRUÇÕES LTDA,(31) 2537-2161,(31) 99780-4007,gabrielsouza@cnr.com.br
CNT AMBIENTAL LTDA,(31)3486-3300,(31)0000,marco.andrade@cntambiental.com.br
COBERTURAS ALVORADA LTDA,(31) 3441-3900,(31) 98484-1922,contato@alvoradatoldos.com.br
COBRAÇO COM. BRASILEIRA DE AÇO LTDA,(31)3383-3067,(31)3524-4183,liliene@grupocobraco.com.br
COFERMETA S.A,(31) 3290-2100,(31) 3290-2020,carlosmoreira@cofermeta.com.br
COFERMETA S.A - Divisão Hidraulica,(31) 3290-2200,(31) 98709-1211,hidraulica@cofermeta.com.br
COMERCIAL CONSTRUR LTDA,(31) 3443-5051,(31) 3443-5051,lajesconstrur@gmail.com
COMERCIAL DE TELHAS CHALÉ LTDA,(31) 3373-1587,(31) 3373-1587,chaletelhascomercial@gmail.com
COMERCIAL ENCERASP EIRELI,(31)3464-1131,(31)98709-2132,vinicius@encerasp.com.br
COMERCIAL ISO LTDA,3132235622,(31) 3223-5622,comercialiso@comercialiso.com.br
COMERCIAL MINEIRA DE  MAQUINAS LTDA,(31)3271-7300,(31)99264-4346,cruz@comercialmineira.com.br
COMERCIAL PALAZZO DECORAÇÕES LTDA,(31)3332-1632,(31)0000,palazzodecor@outlook.com
COMERCIAL PEDRO II LTDA,(31) 3375-1110,(31) 3375-1110,compedro@compedro.com.br
COMERCILL LTDA,(31) 3371-1155,(31) 97118-0595,contatocomercill@gmail.com
COMITEC COMÉRCIO LTDA - EPP,(31)3227-9808,(31)3221-3283,comiteccomercioltda@gmail.com
COMPLEMIG COMPLEXO METALURGICO DE MG IND E COM,(31) 3444-2444,(31) 97400-9429,complemigbh@gmail.com
CONCREBET INDÚSTRIA E COMÉRCIO LTDA,(31) 3597-2726,(31) 99231-6668,vendas@concrebet.com.br
CONCRETON  LTDA,(31) 3371-6499,(31) 99292-7233,concreton@uol.com.br
CONEPAR COMERCIO DE PARAFUSOS LTDA,(31)3373-1039,(31)0000,conepar@conepar.com.br
CONSTRUMONT CONSTRUÇÕES E MONTAGEM METALICAS LTDA,(31)3119-7883,(31)9929-8320,vendas@fortmetal.com.br
CONSULTARELABCON ENGENHARIA E CONSULTORIA LTDA,(31)3383-3827,(31) 98451-3426,marcelo@consultarelabcon.com.br
COPLAS INDUSTRIA DE PLASTICO LTDA,(11)4543-6126,(11) 97313-0901,sudeste@coplas.com.br
CORDAL BH COMERCIO DE CABOS E ACESSORIOS LTDA,(31) 7124-0049,(31) 98886-4340,cordalbh@gmail.com
COSTAZUL PISCINAS E EQUIPAMENTOS LTDA,,(31)98324-6007,cz@tibumpiscinas.com.br
CREFIPEL DISTRIBUIDORA LTDA,(31)3444-8388,(31)98272-7130,crefipeldistribuidora@yahoo.com.br
A.A.A.A.STONES E GRANITOS,(31)3225-2170 / 99270-0002,(31) 9262-0009,dmpedras@gmail.com
D'MAIS ENGENHARIA E CONSTRUCOES LTDA,(31) 9414-6360,(31) 9119-6360,contato@dmaiseng.com.br
DAVID BATISTA AMORIM FILHO,(31)3442-2020,(31)98573-4925,comercial@marcoponto.com
DEFLOR DEFESA FLORESTAL LTDA,(31)3284-5622,(31) 99673-9331,comercial@deflor.com.br
"DELTA INDUSTRIA CERAMICA LTDA,",1935223700,(31) 99392-9817,mafranrep@gmail.com
DEPOSITO BARROCA PRADO MATERIAIS DE CONSTRUCAO LTDA,(31) 3332-8922,(31) 99123-4315,depositobarrocaprado@gmail.com
DEPÓSITO FLAMBOYANT LTDA,(31) 3373-2011,(31) 98580-3263,depositoflamboyant@yahoo.com
DEPÓSITO IRMÃOS BECKER LTDA,(31)3223-5144 / 3228-2550,(31)98407-2655,vendas@irmaosbecker.com.br
DEPOSITO SAVASSI MAT. CONST. LTDA,(31)3282-1530,(31)97230-4093,contato@depositosavassi.com.br
DISTRIBUIDORA TRIÂNGULO LTDA,(31)3469-6900,(31)0000,vendas.triangulo@distriangulo.com.br
DM ACABAMENTOS LTDA,(31)3483-2313,(31)3483-2313,leandrodmltda@yahoo.com.br
DROGARIA ARAÚJO,(31)3270-5000,(31)0000,drogatelvendedores@araujo.com.br
Eco Raiz Floricultura ,(31) 9921-2446,(31) 99212-4462,fortesolo446@gmail.com
EGOM INSTALACOES E MONTAGENS LTDA,(31)3486-1166,(31) 8401-2197,orcamento@egom.ind.br
ELÉTRICA E FERRAGEM DIAS LTDA,(31)3371-4999,(31)98333-0619,eletricadias@hotmail.com
ELETRO BETIM LTDA,(31)3532-3432,(31) 98435-9740,vendasehb@eletrobetim.com.br
TECH BARRAS,(31) 3491-2232,(31) 98726-0052,renata@rpcmg.com.br
ELETROMATE MATERIAIS ELETRICOS EIRELLI,(31)4009-4444,(31) 4009-4444,ricardo@eletromate.com.br
ELEVA LOCADORA DE EQUIPAMENTOS LTDA,(31)3441-5554,(31)99134-3737,elevalocadora@yahoo.com.br
EMBRAMACO,(31) 3278-1050,(31) 98876-8985,gregorio.rep@hotmail.com
ENGEQUADRA CONSTRUCOES LTDA,(31)3287-2775,(31)0000,alipio@engequadra.com.br
ELITE EPIS & UNIFORMES,(31) 3359-3050,(31) 99357-1164,loja01@eliteepi.com.br
EQUIPAMENTOS AC LTDA,(31)3212-3933,(31)99552-2203,vendas@equipamentosac.com.br
ESMIG INDUSTRIA DE ESCADAS LTDA,(31) 3427-0444,(31) 99638-4880,carvalho@esmig.com.br
ESPAÇO AZUL COMERCIO DE EQUIPAMENTOS PARA PISCINA LTDA,(31) 3223-5301,(31) 99884-3081,azulpiscina@gmail.com
ESTRELA TRANSPORTES  LTDA,(31)3363-4511,(31)0000,comercial@estrelatransportes.com.br
ESTRUTURAL GLAZING COMERCIO E SERVICOS DE VIDROS EIRELI,(31) 3334-3244,(31)99854-8801,gabriel@egesquadrias.com.br
EXCELSIOR COMERCIO E REPRESENTAÇÕES LTDA,(31) 9965-9433,(31) 9659-4337,gerente3@excelsiorbh.com.br
EXPRESSA NOVECENTOS LTDA,(31)3462-5495,(31)99960-8601,vianovecentos@hotmail.com
EXXI GLOBAL DO BRASIL LTDA,(31) 9914-0552,(31) 99140-5528,sergiochavesluiz1@gmail.com
FACIM LADRILHOS E PRÉ MOLDADOS LTDA,(31) 3396-1350,(31) 98973-3856,facim.vendas@yahoo.com.br
FC FUROS E CORTE EM CONCRETO LTDA,(31) 3353-5811,(31) 98713-7575,fcfuros@fcfuros.com.br
FC MÁRMORES E GRANITOS EIRELE,(31)3371-0700,(31)98388-8369,vendas1@delreipedras.com.br
FCK PREMOLDADOS LTDA,(31)3501-0800,(31) 3501-0800,vendas@fck.ind.br
FENIX TAMBORES E BOMBONAS LTDA,(31)3393-1677,(31)0000,fenixtambores@fenixtambores.com.br
FERRAÇO INDUSTRIA E COMÉRCIO LTDA,(31)3462-9633,(31)99955-4142,priscila.ferracobh@gmail.com
FERRAGENS ATUAL LTDA,(31) 3273-1422,(31) 3273-4023,ferreira@ferragensatual.com.br
FERRAGENS DOURADA LTDA,(31)3785-9608,(31)98684-9399,douradavenda@gmail.com
FERRAGENS ROMA LTDA,(31) 3273-7077,(31) 99269-0173,contato@ferragensroma.com.br
FERRAGENS SANTA MONICA LTDA,(31)3328-7021,(31) 7148-8890,vendas@acosantaclara.com.br
FERRAGENS SCHIAVO E LIMA LTDA,(31)3384-6752,(31)0000,fecholar@gmail.com
FLORI-STANCIA GABRIELA LTDA,(31) 3372-1000,(31) 99306-1020,floristanciagabriela@yahoo.com.br
FLORICULTURA BEM-TE-VI LTDA,(31) 3486-3171,(31) 99333-6477,floriculturabemtevi@gmail.com
FLORICULTURA FORTE GRAMA LTDA,(31)3371-1022 / 3334-4000,(31)99124-4489,fortegrama@florabeijaflor.com.br
FORMILIDER LTDA,(31)3421-3366,(31)0000,leonardo@formilider.com.br
Fornecedor 1,(31)9 8400-5308,(31)9 8400-5308,fornecedor1@cotareconstruir.com.br
Fornecedor 2,(31)9 8400-5308,(31)9 8400-5308,fornecedor2@cotareconstruir.com.br
FORROBRAS COMERCIO DE FORROS LTDA,(31)3417-8222,(31) 9697-8222,forrobras@gmail.com
FREITAS NEVES & OLIVEIRA ESQUADRIAS LTDA,(31)3493-7080,,contato@anacional.ind.br
FRIOMINAS MAQUINAS REPRESENTAÇÕES LTDA,(31)3469-1200,(31))99947-7755,sivaldo@friominas.com.br
FURACÃO INDUSTIA E COMERCIO DE VENTILADORES LTDA,(31)3428-9000,(31)98643-8704,vendas@furacaoventiladores.com.br
GABIONORTE MINAS ENGENHARIA LTDA,(31) 3297-4308,(31) 99810-5864,comercial.jguimaraes@gmail.com
GASMECANICA PROJ.COM.E MONT.PARA GAS GLP E GN LTDA,(31)3318-9527,(31) 9306-0183,vendas@gasmecanica.com.br
GERDAU AÇOS LONGOS S.A,(31)3369-1453,(31)98294-0549,caio.santos@gerdau.com.br
GESSO ANAPOLIS LTDA ME,(31)3357-2560,(31)99733-3713,anapolisgesso@yahoo.com.br
GLASS ESQUADRIAS  LTDA,31031150501,(31) 98433-5480,arlete@cristalglassltda.com.br
GM VIDRO COMERCIO INSTALAÇÕES LTDA,(31)3463-6344,(31)3546-5962,gmvidrosespeciais@gmail.com
GMP LOCAÇÕES DE MAQUINAS E SERVIÇOS LTDA,(31)3494-4666,(31)98738-7307,gustavo@gemape.com.br
GO ENGENHARIA LTDA,(31)3467-4477,(31) 99941-8173,alexandre@grupoorlando.com.br
GRAÇA COMERCIO E REPRESENTAÇÕES LTDA,(31)3291-6833,(31)97544-3820,alexandre@gracabombas.com.br
PRE-MOLDADOS SAMPAIO,(31) 3593-8441,(31) 9785-8447,vendas@premoldadossampaio.com.br
HASTIFIX INDUSTRIA E COMERCIO LTDA,(31)3357-7655,(31)98605-9754,hastifix.ltda@gmail.com
HEBERT SANDINHA CONSULTOR LTDA,(31) 84005308,(31) 98400-5308,hebertsandinha@gmail.com
HEBERT SANDINHA CONSULTOR LTDA,,,hebertsandinhacorretor@gmail.com
HIDROCENTER VÁLVULAS TUBOS E CONEXÕES LTDA,(31)3418-3333,(31) 9159-5007,gilberto@hydrocenter.com.br
HIDROPOÇOS LTDA,(31)2122-1819,(31)99328-2603,hpnet@hidropocos.com.br
HOME INDUSTRIA DE ESQUADRIA LTDA,(31) 3370-7040,(31) 7180-5559,fernando@aloxaluminium.com.br
IBRAP INDUSTRIA BRASILEIRA DE ALUMINIO E PLASTICOS S/A,(31)99158-9291,(31)99158-9291,comenge@bol.com.br
ICAL IND. DE CALCINAÇÃO LTDA,(31)3421-2996,(31) 99974-2664,bernardonpereira@gmail.com
ILUMEF INDÚSTRIA E  COMÉRCIO DE PRODUTOS METALÚRGICOS LTDA,(31) 3454-2111,(31) 99692-5877,walmaralves@ilumef.com.br
IMEFER INDUSTRIAL E MERCANTIL DE FERRAGENS LTDA,(31) 3225-1944,(31) 99928-1493,ivayr@imefer.com.br
IMPERALL IMPERMEABILIZAÇÃO E OBRAS CIVIS LTDA,(31) 3225-5080,(31) 98489-7068,marcio@imperal.com.br
IMPÉRIO DOS TUBOS LTDA,(31)3398-1019,(31) 98469-1412,marcio@imperiodostubos.com.br
IMPÉRIO EQUIPAMENTOS DE SEGURANÇA LTDA,(31) 3270-1155,(31) 99235-0746,vander@imperioseguranca.com.br
IMPERMEABILIZAÇÕES ISOLAR S/A,(31)3383-3277,(31)99321-9352,isolar@isolar.com.br
IMPERTRADE INDUSTRIA E COMERCIO DE IMPORTAÇÃO E EXPORTAÇÃO LTDA,(31)3462-5575,(31)0000,luizeduardo@impertrade.com.br
IMPERVIA LTDA,(31) 3372-4333,(31) 99107-6629,vendas1@impervia.com.br
INCOBRAZ PREMOLDADOS LTDA,(31)3398-1415,(31)98496-2519,vendas@incobraz.com.br
INDAIÁ MÁRMORES E GRANITOS LTDA,(31) 3371-0122,(31) 99967-6692,franciscovinhal@gmail.com
INCEFRA,1935469300,(31) 99392-9817,mafranrep@gmail.com
INDUSTRIA DE PORTAS IMPORTA LTDA,(31)3444-4166,(31)98324-0815,importas@importas.com.br
INDUSTRIA DE PREMOLDADOS DE CONCRETO RAMOS LTDA,(31)3385-7233,(31)98744-4272,premoldadosramos@hotmail.com
INDÚSTRIA DE TRANSFORMADORES KING LTDA,(31) 3462-6498,(31) 99673-0817,comercial@trafoking.com.br
INSTITUTO RAMACRISNA,(31) 3201-0385,(31) 99618-2742,vendas2@cercasramacrisna.com.br
INTERCABOS INDUSTRIAL E COMERCIAL LTDA,3125195400,(31) 97147-3643,intercabos@intercabos.com.br
ISOPOR COMERCIAL LTDA,(31)3490-7272,(31)98878-9786,vendas02@isoporecia.com.br
ITAÚ DISTRIBUIDORA DE MATERIAL ELETRICO LTDA,(31) 3639-9150,(31) 99154-4928,jamir@itaueletrica.com.br
J MAGALHÃES LTDA,(31) 3474-2100,(31) 98485-7175,jmagalhaesltda@hotmail.com
J.N. MIRANDA LTDA,(31)3526-1063,(31) 98475-1338,cristiano@allmad.com.br
JAIR OLEOS,(31)3295-3033,,contato@jairoleos.com.br
JAIR OLEOS,(31)3295-3033,(31)0000,contato@jairoleos.com.br
JANOX AÇO INOXIDAVEL LTDA,(31)3464-7626,(31)98789-1394,marcio@janox.com.br
JATO DE AREIA LTDA.,3132717533,31992194237,leonardo.lnog@gmail.com
JB COMERCIO E DISTRIBUIDORA LTDA,(31) 3482-5433,(31) 97300-0263,vendas@jbcimento.com.br
JEEPAUTO LTDA,(31)3201-1000,(31) 98684-1311,jeepautocompras@gmail.com
JERUEL PLASTICOS INDUSTRIA E COMERCIO LTDA,(11) 4584-9922,(11) 97207-2354,orcamento@jeruelplast.com.br
JGM ARTEFATOS DE BORRACHA LTDA,(31)3396-2268,(31)99880-4546,jgmartefatosdeborracha@gmail.com
LEO CACAMBAS,(31) 3295-6000,(31) 99683-8836,jmcacambasltda@gmail.com
JULIANO E SATURNINO LTDA,(31)3398-1772,(31)99737-6900,contato@telasjs.com.br
KARINA PISOS E REVESTIMENTOS,(19) 2538-9100,(31) 98876-8985,gregorio.rep@hotmail.com
LADRIMAR INDUSTRIA E COMERCIO LTDA,(31)3464-1587,(31)99119-6789,ladrimarbh@yahoo.com.br
LAGE & FILHOS LTDA,(31)3541-6004,(31)98634-0009,lage@lagefilhos.com.br
LAMINA TEMPER COM E IND DE VIDROS DE SEGURANÇA LTDA,(31) 3362-8787,(31)0000,matheus@laminatemper.com.br
LIDER INDUSTRIA E COMERCIO LTDA,(31)3342-3200,(31)0000,vendas02@casadosbebedouroslider.com.br
LOC MASTER LOCADORA DE EQUIPAMENTOS EIRELLI,(31) 3463-0700,(31) 3463-0700,comercial@locsolo.com.br
LOCAFAZ LOCAÇÃO DE EQUIPAMENTOS LTDA,(31)3383-3838,(31) 99985-5595,negocios@locafaz.com.br
LOCAN LOCADORA DE ANDAIMES E EQUIPAMENTOS PARA CONSTRUÇÃO CIVIL LTDA,(31)3361-6422,(31) 99102-1722,comercial@locan.com.br
LOCJÁ MÁQUINAS E FERRAMENTAS ELÉTRICAS PARA CONSTRUÇÃO LTDA,(31) 3374-7230,(31) 98979-5873,edina@locja.com.br
LOCMAQ LOCADORA DE MÁQUINAS LTDA,(31) 3462-5777,(31) 9935-5777,comerciallocmaq@gmail.com
LOJA DA BORRACHA INDUSTRIA E COMERCIO LTDA,(31)3275-3600,(31)0000,contato@maxibor.ind.br
LOJA DOS PARAFUSOS LTDA,(31)3271-1012,(31)0000,vendas@lojapar.com.br
LOJA ELETRICA LTDA,31033197600,(31) 4020-2882,diegopimentel@lojaeletrica.com.br
LOMAQ LOCAÇÕES E COMERCIO LTDA,(31)3411-2577,(31) 99973-6665,paula@lomaq.com.br
LP FORT PRE-MOLDADOS LTDA,(31) 3474-3393,(31) 9696-2040,lpfortpremoldadosltda@gmail.com
LUANNA MÓVEIS PARA ESCRITORIO EIRELLI,(31)3278-4443,(31)0000,gerencia@ttamoveis.com.br
LUCIANO PISOS LTDA,(31)32974268,(31)3287-4268,sopiso@sopiso.com.br
LUMICENTER,(31) 3491-2232,(31) 98726-0052,renata@rpcmg.com.br
LUXEMBURGO MATERIAIS DE CONSTRUÇÃO LTDA,(31)3296-0510,(31)0000,luxemburgo1994@gmail.com
MG IMPERMEABILIZANTES,(31)3491-7688,(31)98718-3513,marcilio@mgimper.com.br
MADEGREEN,(31)3270-3000,(31) 3270-3000,atendimento@mdfsobmedida.com.br
MADEIRAS BALIZA COMERCIO EIRELI,(31)3433-3266,(31) 9890-1215,antoniaisabel@madeirasbaliza.com.br
MADEIREIRA ESTRELA LTDA,(31) 3476-8131,(31) 99300-0895,vendas@madeireiraestrela.com.br
MADEIREIRA GERAIS LTDA,(31)2129-1090,(31)99835-1425,vendasjulio@madeireiragerais.com.br
MADEIREIRA LARA AMARAL LTDA,(31)3474-1292,(31)98487-3176,madeirasrdm@hotmail.com
MADEIREIRA MERCANTIL LTDA,(31)3386-1898,(31)0000,madeireiramercantil@hotmail.com
MADEIREIRA PARANAENSE LTDA,(31)3272-6363,(31)0000,mad.paranaense@terra.com.br
MADEPLAN MADEIREIRA PLANALTO LTDA,(31)3464-1906,(31)0000,henriquepedrosa@madeplan.com.br
MAGESTY MADEIRAS LTDA,(31) 9998-3794,(31) 99983-7941,magestymadeiras@gmail.com
MÁQUINAS ELÉTRICAS SANTA CRUZ LTDA,(31)3391-6613,(31)0000,maquinaseletricassantacruz@yahoo.com.br
MARCO ANTONIO DE ALMEIDA BARBOSA,(31)3541-3999,(31)99615-4663,emporiorustico@yahoo.com.br
MARMORARIA CONCRETO LTDA,(31)3485-0677,(31)98696-0112,
MARMORITES NUNES LTDA,(31)3476-2580,(31)98511-1443,mesaeciamg@gmail.com
MARMORITES SANTA IZABEL INDUSTRIA E COMERCIO LTDA,(31)3411-9414 / 99199-1818,(31) 3411-9414,santaizabel@hotmail.com
MASEL - MATERIAIS DE SEGURANÇA EIRELI,(31)3351-9038,(31)0000,suelena@jorag.com.br
MAURI CACAMBA,(31) 3373-1135,(31) 3373-1135,mauricacamba2@yahoo.com
MBLB COMERCIO DE ACABAMENTOS LTDA,(31)3308-8188,(31)99611-3484,belissimo@belissimovallve.com.br
MC SOLUÇÕES LTDA,(31)3272-4145,(31)98471-8210,mcsolbh@gmail.com
MER - COMÉRCIO DE MADEIRAS LTDA,(31) 3371-8188,(31) 99252-0378,mer.madeiras.mer@gmail.com
MESQUITA MOTORES LTDA,(31)3421-2600,(31)99794-1167,vendas@mesquitamotores.com.br
MG MANUTENÇÃO E SERVIÇOS LTDA,(31)3491-7688,(31)98673-0435,kleber@mgimper.com.br
MG TOLDOS EIRELI,(31)3335-9782,(31)98343-1533,administrativo@toldos.srv.br
MIGUEL ARCANJO CRUZ,(31)3488-4000,(31) 9977-1819,esquadriasmetalicasmac@hotmail.com
MINAS ACO INOX LTDA,(31)3417-6564,(31)99216-3490,tonettialmeida@inoxminas.com.br
MINAS BORRACHA LTDA,(31) 3201-2366,(31) 3271-3347,vendas@minasborracha.com.br
MINAS EXTIN COMERCIO E SERVIÇOS EM EXTINTORES LTDA,(31) 3332-0200,(31) 99283-9505,depart.tecnico@extiminas.com.br
MINAS FERRAMENTAS LTDA,(31)3279-6000,(31) 99783-4057,lucio@minasferramentas.com.br
IMPERCON,3133181012,(31) 3318-1012,vendas@impercon.com.br
MINERAÇÃO MONTREAL LTDA,(31)34212996,(31) 99974-2664,bernardonpereira@gmail.com
MINERAÇÃO SANTIAGO LTDA,(31) 3308-6105,(31)99967-6524,geovanna.pereira@gruposantiago.com.br
MJS DISTRIBUIDORA EIRELI EPP,(31) 3476-6047,(31) 98751-5252,mjscabos@gmail.com
ML IMPERMEABILIZAÇÕES LTDA,(31)3332-4303,(31) 98678-0350,mlimper@hotmail.com
MOLD EPOXI TRANSFORMADORES LTDA,(31) 3491-2232,(31) 98726-0052,renata@rpcmg.com.br
MULTIREDE DISTRIBUIDORA LTDA,(31)3464-0620,(31)3469-0305,vicente@multiredebh.com.br
MULTISTAR INDUSTRIA E COMERCIO LTDA,(11) 3835-6600,(31)94912-1593,jennifer@multivac.com.br
MURALHA MARMORES E GRANITOS LTDA,(31)3541-8518,(31) 99772-8451,mmgltda@yahoo.com.br
MYSA S/A,(32) 2102-2500,(31) 9646-4213,danielmgoncalves@vendas.abcdaconstrucao.com.br
NACIONAL TINTAS,(31) 8647-0503,(31) 9562-9265,admplatina@nacionaltintas.com.br
NADIL MATERIAIS DE CONSTRUÇÃO LTDA,(31)3491-7116,(31)99500-7272,matheuspampulhaacabamentos@gmail.com
NASCIMENTO E ASSOCIADOS CONS. E ENGa,(31)3284-9399,(31)0000,consultoria@consultare.eng.br
OLINTO ATACADISTA LTDA,(31)3452-8282,(31)99911-1230,distribuidora@distribuidorapampulha.com.br
OLIVEIRA E REZENDE VENTILAÇÃO EIRELI,,(31) 7209-9788,vendas@arejarventilacao.com
OTHON DE CARVALHO E CIA LTDA,(31) 2103-3000,(31) 98427-4362,magna.stoy@othondecarvalho.com.br
OTIMA LOCADORA DE EQUIPAMENTOS,(31) 3384-1444,(31) 99969-2372,gerencia.mgrj@otimalocadora.com.br
OXIPRIME COMERCIO DE OXIGENIO LTDA,(31)99994-5994,(31)0000,contato@oxiprimeoxigenio.com.br
PÁDUA  COMÉRCIO E INDUSTRIA LTDA,(31)3391-1662,(31) 9684-1719,elaine.b@padua.ind.br
PAINEL INDUSTRIA E COMERCIO DE DIVISORIAS E FORROS LTDA,(31)3442-9494,(31)98301-7226,paineldivisorias@gmail.com
PARADA DO PVC  MAT. CONST. LTDA,(31)3373-3699,(31)0000,compras@paradapvc.com.br
PASSALACQUA & CIA LTDA,(31)3078-5427,(31)3078-5427,revestbh04@passalacqua.com.br
PEDRARTE LTDA,(31) 3461-4493,(31) 3461-4493,guilherme@pedrarte.com.br
PERFILADOS RB LTDA,(31)3476-6055,(31)9895-9751,vendas.perfiladosrb@gmail.com
PERFINAÇO INDUSTRIA E COMERCIO LTDA,(31)3359-6800,(31) 9642-6833,laerte@perfinaco.com.br
PIRALUX INDUSTRIA E COMERCIO,(31) 3491-2232,(31) 98726-0052,renata@rpcmg.com.br
PLANALTO TINTAS LTDA,(31)3443-6846,(31)9944-4295,matriz@planaltotintas.com.br
POLIMASTER INDUSTRIA E COMERCIO LTDA,(31)3361-3272,(31)99122-6938,polimaster@polimasterbrasil.com.br
POLIPLAC DISTRIBUIDORA LTDA,(31)3348-6300,(31) 9613-0983,vagner3v@yahoo.com.br
PORTACO PORTAS DE ACO EIRELI,(31) 3434-9200,(31) 98675-1356,renato@portacobh.com.br
PORTAL CARPINTARIA E MARCENARIA LTDA,(31)3498-2066,(31)99851-3470,eugenio@portalmadeiras.com.br
PREFER BH DISTRIBUIDORA DE MATERIAIS DE CONSTRUCAO E IMPERMEABILIZANTES LTDA,(31)3383-3040,(31)98480-0449,cleverson@preferbh.com.br
PRIMEIRA CHAMA COMERCIO DE GAS LTDA,(31)3441-1400,(31)0000,primeirachama1@gmail.com
PROJELMEC VENTILAÇÃO INDUTRIAL LTDA,(51)3451-5100,(51)99951-4140,sp@projelmec.com.br
PROJEMAC MAQUINAS PARA CONSTRUÇÃO LTDA,(31)3495-3004,(31)0000,projemacgeradoresbh@gmail.com
PROJESOM PROJETOS E INSTALAÇÕES DE SOM LTDA,(31) 3285-4999 / 99981-1376,(31)0000,joaocarlos@projesom.com
RAFAEL ROMAO REIS,(31)3371-0076,(31,ppeletronico@hotmail.com
RAPIDO ANDAIMES LTDA,(31)3288-2015,(31)99227-1045,gerencia@rapidoandaimes.com.br
RBL INDUSTRIA E COMERCIO DE CONDUTORES ELETRICOS LTDA,(12) 3933-3000,(31) 98726-0052,renata@rpcmg.com.br
REAL COMERCIO LTDA,(31)3378-3500,(31)99237-0092,filial18@varejaodastintas.com.br
REAL GUINDASTES E EQUIPAMENTOS LTDA.,(31)3333-5757,(31)97170-9401,comercial@realguindastes.com
RECOMA INDÚSTRIA E COMÉRCIO DE MADEIRAS LTDA,(31)3466-0831,(31)99296-3181,junior.recoma@gmail.com
RECONTA RECUPERADORA CONTAGEM LTDA,(31)3387-4353,(31)98785-2481,recontaplasticos@gmail.com
REINOX - ARAÚJO ARTEFATOS DE AÇO LTDA,(31)3286-2727,(31) 99127-0203,reinoxaraujo@gmail.com
RELFER EMPREENDIMENTOS LTDA,3133967234,(31) 9917-8076,adm.relfer@gmail.com
RENASCER FERRO E AÇO LTDA,(31) 3442-3814,(31) 98887-4277,bruno.renascervendas@gmail.com
RENOVAR COMERCIO LTDA,(31) 3292-8225,(31)98417-5054,renovar@renovarventilacao.com.br
REVEST REVESTIMENTOS E IMPERMEABILZAÇÕES LTDA,3134813303,(31) 99984-7383,revest.geral@gmail.com
REVESTIFORM PISOS E REVESTIMENTOS LTDA,3133375777,(31) 98437-7185,tayze@revestiform.com.br
RMAD COMERCIO DE MOVEIS LTDA,(31)3282-9855,(31)0000,atendimento@madeirensemoveis.com.br
RMAD COMERCIO DE MOVEIS LTDA,(31)3282-9855,,atendimento@madeirensemoveis.com.br
RSM COMERCIO E INDUSTRIA DE METAIS LTDA,(31)3272-4300,(31)0000,riosulmetaisltda@hotmail.com
RST MONTAGENS ELETROMECANICAS LTDA,(31)3464-8788,(31)99732-9819,fernando@rst.ind.br
GRUPO ROCHA,1935569300,(31) 99392-9817,mafranrep@gmail.com
VENTILADORES & CIA,(31) 3497-9095,(31) 99659-9095,ventiladores7cia@gmail.com
SDV TELHAS E MADEIRAS LTDA,(31)3498-4101,(31) 99986-3737,sergiosvidal@yahoo.com.br
ALUMIG,(31) 3373-4411,(31) 9972-6145,projetos2@alumig.com.br
SERRALHERIA METAL ARTE,(31)3334-8825 / 99719-8825,(31)0000,metalartebh@hotmail.com
SHOPPING PEDRAS LTDA,(31) 3495-1103,(31) 99131-8288,shpedras@yahoo.com.br
SIGAFER LTDA,(31)3357-7000,(31) 99663-5922,vendas05@sigafer.com.br
SIKA SA,(31)3334-9337,(31)0000,sika.impermont@uol.com.br
SILMÁQUINAS E EQUIPAMENTOS LTDA,3136152000,(31) 99756-9646,walmor@silmaquinas.com.br
SM SEGURANÇA BELO HORIZONTE LTDA,(31)2123-0380,(31) 99941-2672,smbh.smbh@yahoo.com.br
SOCIEDADE FERRAGISTA INÊS E FILHOS LTDA,3132728580,(31) 98429-5967,ferragensipe@yahoo.com.br
SOCIEDADE IRMÃOS BARROS LTDA,(31) 2111-8208,(31) 97515-6198,rodolfo@lojadopaulo.com.br
SOLO NOVO CONCRETO,(34) 3229-5476,(31) 98866-7367,comercialcontagem4@solonovoconcreto.com.br
SOS DOS FOGÕES LTDA,(31)3071-5000,(31)98405-1603,vendas@sosdosfogoes.com.br
SQUEMA ENGENHARIA LTDA,(31)3395-1363,(31)99259-2277,squema.bh@squemaengenharia.com.br
STONO PEDRAS DECORATIVAS LTDA,,,financeiro@stonoconceito.com.br
SUPER CONCRETO LTDA,(31) 3394-3333,(31)99235-2572,mislene.marioto@superconcreto.com.br
SUPERGESSO,(31) 3442-7666,(31) 99192-5624,supergesso1@gmail.com
SUPERMIX CONCRETO S/A,(31) 3448-4395,(31) 99673-1339,vanessa.vicki@supermix.com.br
TCON PREMOLDADOS DE  CONCRETO EIRELLI,(31)3395-2147,(31) 3395-2147,fiscal@tconpremoldados.com.br
TECFER COMERCIO DE FERROS E MATERIAIS DE CONSTRUÇÃO LTDA,(31) 3374-6000,(31) 3374-6000,joyceassuncao00@gmail.com
TECNI-AR COMERCIO E MANUTENÇÃO LTDA,(31)3361-2584,(31)0000,tecni-ar@tecni-ar.com.br
TÉCNICAS EM GEOTECNIA EIRELLE,(31)3275-2479,(31) 99788-5668,comercial@tecgeo.com.br
TECNOBOMBAS LTDA,(31)3201-6132,(31)99430-5851,tecnobombasltda@hotmail.com
TECNOCRIL INDUSTRIA E COMERCIO LTDA,(31)3463-8588,(31)0000,vendas@tecnocril.com.br
TECPISO DO BRASIL LTDA,(31) 3331-6343,(31) 99831-0017,julio@tecpiso.com.br
TELAS E TANQUE REDE RHV LTDA,(31)3434-6147,(31)0000,contato@telasrhv.com.br
TELAS UNIAO INDUSTRIA E COMERCIO LTDA,(31) 9997-1934,(31) 99971-9340,viviane.magalhaes@telasuniao.com.br
TELAS UNIÃO INDUSTRIA E COMERCIO LTDA,(31)3427-9600,(31)34279600,claudio@telasuniao.com.br
TELETRON CASA DO PORTÃO ELETRÔNICO LTDA,(31)3486-1182 / 98834-0661,(31)0000,teletron@teletronbh.com.br
TERRA REVESTIMENTOS LTDA,(31)3286-4650,(31)99742-5551,vendas@tile.com.br
TOLDOS GERAIS LTDA,(31)3385-4552,(31)99614-6810,vendas@toldosgerais.com.br
TOP MADEIRA DA VIA DO MINERIO LTDA,3133837099,(31) 9244-8850,madeireiratopviadominerio@gmail.com
TOPMIX,(31) 3198-9300,(31) 98223-3022,matheus.carneiro@topmix.com.br
TOTAL AR LTDA - ME,(31)3464-7644,(31)0000,comercial4@emaccomercial.com.br
TRANSPORTADORA RÁPIDO PANAMERICANO LTDA,(31)3394-6354,(31)97180-0168,comercial@rapidopanamericano.com.br
TREVO COMÉRCIO DE ARTEF DE CIMENTO EIRELLI,(31)3625-1888,(31)3625-1888,gessoegesso@hotmail.com
TRIANGULO TELHAS COLONIAIS LTDA,(31)3441-2041,(31) 99911-4683,claudia@triangulotelhas.com.br
TROX DO BRASIL DIFUSÃO DE AR ACUSTICA FILTRAGEM VENTILAÇÃO LTDA,(11) 3037-3964,(31)97395-1627,cadastro-br@troxgroup.com
TULIMAR REPRESENTAÇÕES (CERAMFIX),(31)3421-1997 98888-9260,(31)0000,tulimar@terra.com.br
TUMA COMERCIAL LTDA,(31) 3298-2012,(31) 3298-2012,aquiles@tumacomercial.com.br
TUPI ANDAIMES ESCOR. E FORMAS LTDA,(31) 3426-2400,(31) 99178-0705,01@tupiandaimes.com.br
TUTELA EPI,(31) 9992-1973,(31) 3615-4545,vendas@tutelashop.com.br
PONTAL DO ELETRICISTA LTDA,,(31) 98250-1960,pontaleletricista@gmail.com
UNI-STEIN DO BRASIL LTDA,(31)3665-5500,(31) 98647-4993,comercial@unistein.com.br
UNIFORMES.COM LTDA,(31)3621-2394,(31)97348-7051,financeirouniformes.com@hotmail.com
VAN PISOS E CARPETES LTDA,(31)3278-1100,(31)0000,vanpisos@gmail.com
VARELLA BASTOS ENGENHARIA LTDA,(31)3225-4319 / 99983-4319,(31)0000,rodrigo@varellabastos.com.br
VENTILAR EXAUSTORES INDUSTRIA E COMERCIO LTDA,(31) 3485-1591,(31)0000,comercial@ventilarindustrial.com.br
VERA GONÇALVES UNIFORMES LTDA,(31)3374-4572 / 99606-7266,(31)0000,vendas@idealuniformes.com.br
VIAÇÃO SÃO CRISTOVÃO LTDA,(37)3229-1478,(31)0000,cargas@vsc.com.br
VIANA E PACHECO ACABAMENTOS LTDA,(31) 9913-2615,,contato@catalaoacabamentos.com.br
VIDRAÇARIA TERRA (ELENICE DUARTE DIAS - ME),(31)3390-1027,(31)99336-0981,liza@vidracariaterra.com.br
VIDRAÇARIA VITRINE LTDA,(31)3412-5055,(31) 2342-4921,contato@vidracariavitrine.com.br
VNI INDÚSTRIA E COMÉRCIO LTDA,(31)3689-0129,(31) 99770-8595,emilia.salachinski@gmail.com
VOLPENET INSTALAÇÕES LTDA,(31)3296-4345 / 99982-5406,(31)0000,andreia@volpenetredesdeprotecao.com.br